"id","icon","name","type","parent","content"
"1","folder-icon","Project One","folder","0","null"
"2","folder-icon","Project Two","folder","0","null"
"3","folder-icon","assets","folder","1","null"
"4","file-react-icon","file-one.tsx","file","2","# Vindicet pugna inultos

## Quamvis cui

**Lorem** markdownum pericula, resolutum **viae**: hoc numquam simul pectora et
quae cunctis nulla. Et vagos altera, nondum: soror parmam donec hic. Vertice et
proxima sanguisque inrigat manu mercibus agros; fuerat valentior iuranda
quaerensque piget plangore viros resides, funda quis.

> Quo Assyrii bisque dumque [signa](http://scit-nisi.io/tetenderat.php). Regis
> super similis summas herbis obliquo in est terris, et liquido. Easdem mixta
> natum spina fecit nudumque; et muta potuisse scite, inrita et abest. Quas
> cepere tot quantusque nondum neque meus numen cinximus et dixit utraque
> frustraque caede, ab parte Gradivo parenti.

Per dum plangitur agunt, mater, robora; in ipse quia inde indicium, labitur
Dictaei miseranda poni? Mihi cum stagnumque equi aequalibus Antium iam, iram
feret, [aetas inde](http://levi.net/cladi-tum), corymbis honore anhelitus
victricia litat triones. Nonacria ponunt premunt?

## A patrio parantem squalidus licet vimine ferro

Lacerat precibus similesque lege, e contra nubibus detrusum sententia. Somni
aura Dianae habebat at deinde trado flexit, per modo **terram**. Valeo
consanguineas dissipat coniugis annis quo ope dicta robore quodvis. Peto commune
Troes.

Saepe ipse rupit Iovemque madefient, inquit, ille ferrum. Illo pendere iuventae
esse suis reor captivarum facinus indomitae Atalanta et latus. Quattuor arenti
temptat vino levi, iunctarum labitur; tibia. Bos nec aequalis metu vocantem
maneas et adeunda colles [ore](http://nimbos.org/utrumque.html) videre.

## Summam iam

Te obortae, capulo omnipotens frustra, inquit,
[famulosque](http://www.perdidit.io/auro). Nobis plura, per [pericula
atque](http://cervix.com/) promissa vultusque secutum et videri. Dum *nectare
fuit* religatus reponuntur virum suspiria inornatos hunc: ait vana siquidem
duris; pinnas viribus linquit. Tum ora icta feruntur meae, me felix in hinc
citharae notam? Monitus sinat adventu: ex Phiale generis proelia Aiacis candidus
concipit buxi tegitur diu vaporibus [terris](http://per-longe.org/phineus.html)?

Tempore vidisse **non domo** fore quae expulsumque **ossaque** et sentit qui in
obsistitur protinus, nec. Hos aequore sub adveniens urbem sub Sidonida manu
vinoque mihi! Strepitum [perstant simul
timidi](http://www.estoscula.io/est-dant) hic iusto fratremque regnare eadem
geras isque. Veloxque unda pectoribusque trahit et sublatus, radiantia in
quinquennia fugiens quoque in Panomphaeo vetat, sumere. Officiumque vero
coronatis.

In curasque naris consulat *vomeribus* ultima, e Alcmene ardua simul sic nec. Et
tela, ab ponit et fruentur Tridentifer iuvat lumina cuive et anumque et cute
inlimis profani *Herculeis* discedite pascua. Fundit extemplo [notavi caesis
sinistro](http://www.sub-inde.com/tamen-laceranda). Nec corrigit ne natos
frondis patres Cithaeron meo cum etsi tangit me posita pendat. Huic careat
lenimen, quo per!"
"5","file-react-icon","file-two.tsx","file","2","# Teneat te adcubuere
| Thing | Stuff | Extras |   |   |
|-------|-------|--------|---|---|
| help  | this  | is     |   |   |
| the   | thing | is     |   |   || who   | am    | I?     |   |   |## Sint reliquit temerasse natalis at Lycormas superosque

Lorem markdownum cervos, quas ostro nitidum arsuris ut comas nexaque. Habitantum
contra ad plura, incendia remitti poposcerat flosque **pepulere rogant**
Apidanosque. Hinc latere, isto habent, illa sedes? Mihi et socii rogata mandatam
in solverat positasque ausim acceptus terris decerpserat lumen oppida clamavit
enim Troiana arcanis, longe.

1. Robora gemini rupit
2. Enim equi plangere
3. In Atrides
4. Calamo ab mollia comantem
5. Tu poenas retinacula Phoebi multifidasque alvo nimiumque
6. Membra illam ventusve

## Monstri saxum harundinis

Unde coercet sub Enipeus vivit saetae lenius *natae concurrit auras* formae, et
esset. Sed cunctis nomen **paulatim et** dedit prehendit cum tot *revulsit ite*
undas **suci** erat felix cupit offer paritura!

    compression_spreadsheet_command += ctr_url_mountain(trinitron, codec + 1 -
directxCardPci);
    var cmykJavascriptDelete = -1;
    social_plain += metal_router(pppoe_pitch_prom(softAlpha) - dual_impression +
786895, matrix + -1 + active);

## Per et

Corneaque armentis. Virorum sit Ausoniis erat heros obliqua tulisti ingrederis
mutum ore gravis mihi credita trepidus et dabitur ille resolutaque. Sibi
dixerit, medullas clades Iani **chordas nec vero**! Sine adversos obvia calamus
simplex fluminis paterque facit, an postquam relicto usum qui pater **fides
odoratas** subiecta Quirini summa. Inmitem altera et *mentita* amicos saltu
declinet pelle ocior postera!

## Correpti Hippotaden

Adnuit flumina Athenae honorem malum [curvantem sole](http://nati.org/) viscera,
orbe tibi memoranda, ipsa uris, illa monstrique, cognoscit. Fugit figens rivos
hostem sensit minanti questa mandabat templa: subiere, fuit. Diu est parte
**decrescentibus teneas** mi magnum!

Domito albenti Calydonia notavi facinus vestem inguina edere ora forma iuro
bubus *verbis hanc Taurusque* testes Apidanosque. Hospes ira nova Lycabas quod
sed fidem veste: Phinea ille ante dixerat **terrae**. Demittere cum minus
erigimur, quo maior Philemon Peliaeque postquam, generis iussi. Bicorni paventes
cum iaculis non tergo curat attollite revexit ipse, errorem."
"6","file-react-icon","file-one.tsx","file","1","# Ferrum agmine mando meis claudit arbuteos respice

## Ultimus ipse est sua stridente tenuisse

Lorem markdownum cornua usquam litore foret. Exercuit notis. Libera velle veros,
edidit ambigui se bacarum aut ubi veneno, Athos terras et? Panes **cura qui**,
via lacrimavit iussus [parte](http://curpatrumque.org/principiismeritumque.php),
haec quater habet est vellet, subiectaque. Posset non aquarum Tereus, te scitis
[iubentem](http://sucus.io/) verus ad ille, illa adunci rerum videt leves!

## Credi inque vel

Est numen vittae, sanae? Exstat lacrimae squamamque dextra quod quod etiam
hiatus *undas cornibus* intremuere molimina. Despectus crinem annoso Dauni
**movet isdem curvataque** per corpus, et et in. Suos **sibi vesica** tertia
*obstarique illis pars* pulvere, fidissime caro, sumptaque ac thalamoque illic.
[Lympha](http://petit-circumfluus.net/) nudae licet feruntur in nunc in nihil
**amittere**.

Tuae patriam fuit cum genetrix errabat correpti ad sacer gemunt. Invideatis fero
possem idcirco, et foret conspexit. Acta ensem, me non.

## Et volvens fronti

Dum heres laeva vinctus proprium Semeles *adsis vigilans* maturus dabis, tunc.
Cucurri sanguine lapsus, iussa: his mille, nondum, sed morte destringunt tibi
refers Pandione.

- Proiecerat debueram corpore mollibus oraque illa eras
- Protinus capulo reguntur superosque natum manus in
- Ducem quae stipata qui dente
- Tu adest
- Nec unda pectore

## Est pietate reverti

Animos mortale in cura elisi interdum edentem? Quis memor Priami, narret;
inmemor at numen qui animi. Silvis viret fluit easdem relinquere senem decoram
aeraque: redeunt **habent**. Albis meos conferre *efficiet aliquid* fameque:
aras cum *fides* utile.

    configuration_icf.spamWhiteDual = certificate_lcd_software;
    hdtv_wordart.cms -= 72;
    web_soa.design_in_boot(data, directx_southbridge - avatar, export_rtf);
    var application = mediaGpsRipcording.character(ipStorageHtml, -3 + leopard(
	software_icq_microcomputer));

Mediumque obsita *Arcton* et cognovit diversis quoque est lupi delenit. Torus
*esset*, mundi matri lintea, Atlantiades quoniam caede est solida quam mens his
flammam."
"7","file-react-icon","asset-one.tsx","file","3","# Haemum est transire dissimiles patentis suspiria viriles

## Caro habebam quoque

Lorem markdownum hostibus dicunt maximus. Parato nota lucent flenti inveniunt
nulla. Totidem non bella faciesque quam; ambo correpti?

## Magna haec profuit

Odiique capillis abdidit, freta de suppliciumque sorores non agit callidus
Alcidamas, ille. [Nives](http://deus-ibat.net/conicit) alimentaque terras vocis
mixta [fugiens](http://memori.net/). Quies [non at
premuntur](http://gaudereet.com/) quoque seque furialibus retexit scires *puto*.

> Senectae hinc, ulli cecidere artificem quem pectora, submovet; ut. Arcade suis
> aliisque melior, modus peperit! Colles genitorque voverat utque abeunt, si
> bella certe Lelegeia quinque, ecce. Se oscula Phoebus, misit aquis aures
> aurum, sit esse reddat mater iactatam quacumque mora tellus,
> [trahit](http://iniquae.net/deditconticuit) nec.

## Sarisa tibi dextera fuit

Vultum est premens inducere addidit artesque quondam, haec audax, bracchia
intulerant sitis ede labori, alto frusta. Ipso nec. Hoc ferro ecce putaret.

- Portitor pariter relinquitur ferali sublimia putes et
- Iamque virtus deserit exstructos tegmina vetito
- Tauri nolet flamma illis
- Sibi Phoebum

## Ferrum muris eras omne fuit spumisque latitantia

Vultum rudis verbaque erubuit causas incustoditae
[undis](http://proelia-coepto.org/) esse sunt volandi victoria digitis orbem,
macies, miserande aera venis et. Matri quidem vitiatur adflatuque, Neptunius
*traherent* omnia vocandus, populis. Illud mulcebunt pulsi, et glans, impleverat
omni superest varias! Vario sed, gente es horrida stabat. Ponti vesti ardentem
vernat; et est adparuit nescio.

## Hecabe sinistra neque pondere attonitas

Quoscumque via vox ferrea natus Nesse: veram aequore rerum attulit Nec teres.
[Ut ales](http://regiaet.com/). Euboicas aderant destrinxit heros exempla alis
odorato corpus, ut imperio aperire locus.

- Patre natura
- Solio tigris sua motu insidiosa solvit
- Notissima inter ferventibus nefas tantoque qualesque Apolline
- Regemque forte

Priore haut tempora exuritque quisque oetaeas colubrae oculis, et [palmite
caelo](http://arboreo.com/manusfisso.html). Qua genis, alta armisque barba se
virumque, turba natale *umeroque* tabellae. In currus cacumine effugit
delubraque sigillis vitiataque, dum *ureris indicium* nunc questus, Pan Libys
sonarent uterque quoque, Festa. Scelus percussit; fallacibus ait mei riget
vestris non legatur sed! Nec fido a responsura rapta [faveas
ignis](http://latepaternis.com/) tamen loqui remissurus tibi."
"8","file-react-icon","asset-two.tsx","file","3","# Vindicet pugna inultos

## Quamvis cui

**Lorem** markdownum pericula, resolutum **viae**: hoc numquam simul pectora et
quae cunctis nulla. Et vagos altera, nondum: soror parmam donec hic. Vertice et
proxima sanguisque inrigat manu mercibus agros; fuerat valentior iuranda
quaerensque piget plangore viros resides, funda quis.

> Quo Assyrii bisque dumque [signa](http://scit-nisi.io/tetenderat.php). Regis
> super similis summas herbis obliquo in est terris, et liquido. Easdem mixta
> natum spina fecit nudumque; et muta potuisse scite, inrita et abest. Quas
> cepere tot quantusque nondum neque meus numen cinximus et dixit utraque
> frustraque caede, ab parte Gradivo parenti.

Per dum plangitur agunt, mater, robora; in ipse quia inde indicium, labitur
Dictaei miseranda poni? Mihi cum stagnumque equi aequalibus Antium iam, iram
feret, [aetas inde](http://levi.net/cladi-tum), corymbis honore anhelitus
victricia litat triones. Nonacria ponunt premunt?

## A patrio parantem squalidus licet vimine ferro

Lacerat precibus similesque lege, e contra nubibus detrusum sententia. Somni
aura Dianae habebat at deinde trado flexit, per modo **terram**. Valeo
consanguineas dissipat coniugis annis quo ope dicta robore quodvis. Peto commune
Troes.

Saepe ipse rupit Iovemque madefient, inquit, ille ferrum. Illo pendere iuventae
esse suis reor captivarum facinus indomitae Atalanta et latus. Quattuor arenti
temptat vino levi, iunctarum labitur; tibia. Bos nec aequalis metu vocantem
maneas et adeunda colles [ore](http://nimbos.org/utrumque.html) videre.

## Summam iam

Te obortae, capulo omnipotens frustra, inquit,
[famulosque](http://www.perdidit.io/auro). Nobis plura, per [pericula
atque](http://cervix.com/) promissa vultusque secutum et videri. Dum *nectare
fuit* religatus reponuntur virum suspiria inornatos hunc: ait vana siquidem
duris; pinnas viribus linquit. Tum ora icta feruntur meae, me felix in hinc
citharae notam? Monitus sinat adventu: ex Phiale generis proelia Aiacis candidus
concipit buxi tegitur diu vaporibus [terris](http://per-longe.org/phineus.html)?

Tempore vidisse **non domo** fore quae expulsumque **ossaque** et sentit qui in
obsistitur protinus, nec. Hos aequore sub adveniens urbem sub Sidonida manu
vinoque mihi! Strepitum [perstant simul
timidi](http://www.estoscula.io/est-dant) hic iusto fratremque regnare eadem
geras isque. Veloxque unda pectoribusque trahit et sublatus, radiantia in
quinquennia fugiens quoque in Panomphaeo vetat, sumere. Officiumque vero
coronatis.

In curasque naris consulat *vomeribus* ultima, e Alcmene ardua simul sic nec. Et
tela, ab ponit et fruentur Tridentifer iuvat lumina cuive et anumque et cute
inlimis profani *Herculeis* discedite pascua. Fundit extemplo [notavi caesis
sinistro](http://www.sub-inde.com/tamen-laceranda). Nec corrigit ne natos
frondis patres Cithaeron meo cum etsi tangit me posita pendat. Huic careat
lenimen, quo per!"